<?xml version="1.0" encoding="UTF-8"?>
<project-private xmlns="http://www.netbeans.org/ns/project-private/1">
    <editor-bookmarks xmlns="http://www.netbeans.org/ns/editor-bookmarks/2" lastBookmarkId="0"/>
    <open-files xmlns="http://www.netbeans.org/ns/projectui-open-files/2">
        <group>
            <file>file:/C:/Users/Michael%20Muller/Documents/GitHub/sophomore_Proj/Game%20Client/src/HolyCode/HolyCode.java</file>
            <file>file:/C:/Users/Michael%20Muller/Documents/GitHub/sophomore_Proj/Game%20Client/src/Arena/TwentyOneSticks.java</file>
            <file>file:/C:/Users/Michael%20Muller/Documents/GitHub/sophomore_Proj/Game%20Client/src/gameclient/ServerThread.java</file>
            <file>file:/C:/Users/Michael%20Muller/Documents/GitHub/sophomore_Proj/Game%20Client/src/gameclient/GameClient.java</file>
        </group>
    </open-files>
</project-private>
